{
  "sidebar": {
    "collapsed": false,
    "toggled": false,
    "items": [
      {
        "type": "logo",
        "collapsedIcon": "FiChevronsRight",
        "expandedIcon": "FiChevronsLeft",
        "text": "YOUR LOGO!.."
      },
      {
        "type": "separator"
      },
      {
        "type": "menuItem",
        "icon": "RiHome4Line",
        "text": "Dashboard"
      },
      {
        "type": "submenu",
        "icon": "RiTeamLine",
        "label": "Professors",
        "items": [
          {
            "type": "submenu",
            "icon": "RiUserFollowLine",
            "label": "SubMenu",
            "items": [
              { "type": "menuItem", "text": "SubMenu 1" },
              { "type": "menuItem", "text": "SubMenu 2" },
              { "type": "menuItem", "text": "SubMenu 3" }
            ]
          },
          {
            "type": "menuItem",
            "icon": "RiUserUnfollowLine",
            "text": "Ex Professors"
          },
          {
            "type": "menuItem",
            "icon": "RiCalendar2Line",
            "text": "Probation Period"
          }
        ]
      },
      {
        "type": "submenu",
        "icon": "RiFolder2Line",
        "label": "Records",
        "items": [
          {
            "type": "menuItem",
            "icon": "RiStackLine",
            "text": "Senior Students"
          },
          {
            "type": "menuItem",
            "icon": "RiPlantLine",
            "text": "Junior Students"
          }
        ]
      }
    ]
  }
}
